Workbook

Sheet تعريف وتعليمات
A1: أداة التحكيم – مؤشر الوقف العُماني OWI
A2: الغرض | B2: تحكيم أبعاد ومؤشرات النسخة الأولية من OWI قبل اعتمادها في التطبيق التجريبي.
A3: الفئة المستهدفة | B3: خبراء الوقف، الفقه والحوكمة الشرعية، الاستثمار والمالية الإسلامية، الإحصاء وبناء المؤشرات، قياس الأثر، والإدارة والتنظيم.
A4: طريقة التقييم | B4: لكل مؤشر أربع درجات من 1 إلى 5: الأهمية، الوضوح، قابلية القياس، والملاءمة للبيئة العُمانية. ويضاف تقييم مستقل لسلامة الارتباط الشرعي.
A5: مقياس 1–5 | B5: 1 ضعيف جدًا، 2 ضعيف، 3 متوسط، 4 مرتفع، 5 مرتفع جدًا.
A6: جولة Delphi الأولى | B6: يقيّم الخبير العناصر ويقترح الحذف أو الدمج أو إعادة الصياغة أو إضافة مؤشرات.
A7: جولة Delphi الثانية | B7: تعرض النتائج المجمعة مجهولة الهوية للخبراء ويعاد تقييم العناصر التي لم تحقق توافقًا كافيًا.
A8: تنبيه منهجي | B8: لا تثبت حدود القبول النهائية بعد الاطلاع على النتائج. تعتمد اللجنة البحثية بروتوكول القبول مسبقًا.
A9: السرية | B9: لا تتطلب الأداة بيانات شخصية حساسة. يمكن إعطاء كل خبير رمزًا بدل الاسم.

Sheet تحكيم المؤشرات
A1: الرمز | B1: البعد | C1: المؤشر | D1: الارتباط الشرعي المقترح | E1: الأهمية 1-5 | F1: الوضوح 1-5 | G1: قابلية القياس 1-5 | H1: ملاءمة عُمان 1-5 | I1: سلامة الارتباط الشرعي 1-5 | J1: القرار المقترح | K1: صياغة/مؤشر بديل | L1: ملاحظات
A2: OWI-01 | B2: الاستدامة المالية | C2: نمو قيمة الأصول الوقفية | D2: حفظ المال
A3: OWI-02 | B3: الاستدامة المالية | C3: نمو الإيرادات الوقفية | D3: حفظ المال
A4: OWI-03 | B4: الاستدامة المالية | C4: العائد على الأصول الوقفية | D4: تنمية المال
A5: OWI-04 | B5: الاستدامة المالية | C5: نسبة الأصول المنتجة | D5: حفظ المال وعدم تعطيله
A6: OWI-05 | B6: الاستدامة المالية | C6: نسبة الأصول غير المستغلة | D6: منع التعطيل
A7: OWI-06 | B7: الاستدامة المالية | C7: تنويع المحفظة الوقفية | D7: حفظ المال وتقليل المخاطر
A8: OWI-07 | B8: الاستدامة المالية | C8: معدل الإشغال العقاري | D8: الكفاءة في استثمار الوقف
A9: OWI-08 | B9: الاستدامة المالية | C9: معدل التحصيل | D9: الأمانة وحفظ الحقوق
A10: OWI-09 | B10: الاستدامة المالية | C10: نسبة تكلفة الإدارة إلى الإيراد | D10: ترشيد النفقة
A11: OWI-10 | B11: الاستدامة المالية | C11: استدامة السيولة | D11: حفظ الأصل
A12: OWI-11 | B12: الحوكمة الشرعية | C12: الالتزام بشرط الواقف | D12: شرط الواقف
A13: OWI-12 | B13: الحوكمة الشرعية | C13: وجود رقابة شرعية مؤسسية | D13: الرقابة الشرعية
... A43: OWI-42 | B43: نمو القطاع | C43: نسبة التمويل المشترك والشراكات | D43: التعاون على البر

Sheet تحكيم الأبعاد
A1: الرمز | B1: البعد | C1: التعريف | D1: الأهمية 1-5 | E1: الوضوح 1-5 | F1: ملاءمة عُمان 1-5 | G1: مقترح تعديل/دمج | H1: ملاحظات
A2: D1 | B2: الاستدامة المالية والاستثمارية | C2: حفظ الأصل وتنميته وكفاءة الاستثمار والتحصيل
A3: D2 | B3: الحوكمة والامتثال الشرعي | C3: الأمانة والشفافية والرقابة والالتزام بشرط الواقف
A4: D3 | B4: الكفاءة المؤسسية والتحول الرقمي | C4: التوثيق وجودة البيانات وكفاءة الخدمات وإدارة المخاطر
A5: D4 | B5: الأثر الاجتماعي والتنموي | C5: تحويل الريع والمصارف إلى نتائج اجتماعية قابلة للقياس
A6: D5 | B6: نمو القطاع والمشاركة المجتمعية | C6: توسع قاعدة الوقف والواقفين والابتكار والشراكات

Sheet ملخص النتائج
A1: الرمز | B1: المؤشر/البعد | C1: متوسط التقييم | D1: القرار المدخل | E1: ملاحظة
A2: OWI-01 | B2: نمو قيمة الأصول الوقفية | C2: =IF(COUNT('تحكيم المؤشرات'!E2:I2)=0,"",AVERAGE('تحكيم المؤشرات'!E2:I2)) | D2: ='تحكيم المؤشرات'!J2
A3: OWI-02 | B3: نمو الإيرادات الوقفية | C3: =IF(COUNT('تحكيم المؤشرات'!E3:I3)=0,"",AVERAGE('تحكيم المؤشرات'!E3:I3)) | D3: ='تحكيم المؤشرات'!J3
A4: OWI-03 | B4: العائد على الأصول الوقفية | C4: =IF(COUNT('تحكيم المؤشرات'!E4:I4)=0,"",AVERAGE('تحكيم المؤشرات'!E4:I4)) | D4: ='تحكيم المؤشرات'!J4
A5: OWI-04 | B5: نسبة الأصول المنتجة | C5: =IF(COUNT('تحكيم المؤشرات'!E5:I5)=0,"",AVERAGE('تحكيم المؤشرات'!E5:I5)) | D5: ='تحكيم المؤشرات'!J5
A6: OWI-05 | B6: نسبة الأصول غير المستغلة | C6: =IF(COUNT('تحكيم المؤشرات'!E6:I6)=0,"",AVERAGE('تحكيم المؤشرات'!E6:I6)) | D6: ='تحكيم المؤشرات'!J6
A7: OWI-06 | B7: تنويع المحفظة الوقفية | C7: =IF(COUNT('تحكيم المؤشرات'!E7:I7)=0,"",AVERAGE('تحكيم المؤشرات'!E7:I7)) | D7: ='تحكيم المؤشرات'!J7
A8: OWI-07 | B8: معدل الإشغال العقاري | C8: =IF(COUNT('تحكيم المؤشرات'!E8:I8)=0,"",AVERAGE('تحكيم المؤشرات'!E8:I8)) | D8: ='تحكيم المؤشرات'!J8
A9: OWI-08 | B9: معدل التحصيل | C9: =IF(COUNT('تحكيم المؤشرات'!E9:I9)=0,"",AVERAGE('تحكيم المؤشرات'!E9:I9)) | D9: ='تحكيم المؤشرات'!J9
A10: OWI-09 | B10: نسبة تكلفة الإدارة إلى الإيراد | C10: =IF(COUNT('تحكيم المؤشرات'!E10:I10)=0,"",AVERAGE('تحكيم المؤشرات'!E10:I10)) | D10: ='تحكيم المؤشرات'!J10
A11: OWI-10 | B11: استدامة السيولة | C11: =IF(COUNT('تحكيم المؤشرات'!E11:I11)=0,"",AVERAGE('تحكيم المؤشرات'!E11:I11)) | D11: ='تحكيم المؤشرات'!J11
A12: OWI-11 | B12: الالتزام بشرط الواقف | C12: =IF(COUNT('تحكيم المؤشرات'!E12:I12)=0,"",AVERAGE('تحكيم المؤشرات'!E12:I12)) | D12: ='تحكيم المؤشرات'!J12
A13: OWI-12 | B13: وجود رقابة شرعية مؤسسية | C13: =IF(COUNT('تحكيم المؤشرات'!E13:I13)=0,"",AVERAGE('تحكيم المؤشرات'!E13:I13)) | D13: ='تحكيم المؤشرات'!J13
... A43: OWI-42 | B43: نسبة التمويل المشترك والشراكات | C43: =IF(COUNT('تحكيم المؤشرات'!E43:I43)=0,"",AVERAGE('تحكيم المؤشرات'!E43:I43)) | D43: ='تحكيم المؤشرات'!J43
A45: تنبيه | B45: هذه الورقة تلخص استجابة خبير واحد فقط. تحليل Delphi الحقيقي يجب أن يجمع ملفات جميع الخبراء ويحسب الوسيط/المدى الربعي/نسبة الاتفاق وفق البروتوكول المعتمد.
